80862,rue jean samazeuilh,sans
73694,avenue des quarante journaux,sans
31413,quai des chartrons,sans
30842,place johnston,sans
30468,place des quinconces,sans
25250,cours jules ladoumegue,sans
22745,quai de queyries,sans
21637,rue jean samazeuihl,sans
20943,quai de bacalan,sans
19113,rue lucien faure,sans
18514,rue sainte catherine,sans
14686,avenue jean gabriel domergue,sans
14195,quai de paludate,sans
13880,allée ratabou,sans
13793,place de la victoire,sans
13400,allee louis ratabou,sans
13198,rue du chateau d'eau,sans
12651,avenue reinson,sans
11720,niveau o,sans
11541,cours victor hugo,sans
11170,cours saint louis,sans
10614,cours de québec/ avenue andré reinson/,sans
8486,cours de la marne,sans
7668,rue leo saignat,sans
7639,cours du marechal juin,sans
6891,avenue thiers,sans
6719,avenue charles de gaulle,sans
6289,rue jules ferry,sans
6162,place de la comedie,sans
6141,rue jean gabriel domergue,sans
6013,cours jules ladoumègue,sans
5880,allée de ratabou,sans
5686,rue saint genes,sans
5048,"niveaux 9,50 et 14,50",sans
4983,boulevard alfred daney,sans
4872,avenue emile counord,sans
4442,cours de l'intendance,sans
4163,cours du medoc,sans
4052,rue pere louis de jabrun,sans
4000,bassins à flots,sans
3920,allée louis ratabou,sans
3779,avenue marechal de lattre de tassigny,sans
3654,avenue des français libres,sans
3653,"rues du chateau d'eau, saint sernin,",sans
3645,avenue des 40 journaux,sans
3577,cours balguerie stuttenberg,sans
3502,bd alfred daney,sans
3500,rue jean samazeuil,sans
3424,esplanade de pontac,sans
3376,place des capucins,sans
3357,place de la ferme de richemont,sans
3356,rue léo saignat,sans
3280,parvis des chartrons,sans
3274,quai des queyries,sans
3165,rue cerey,sans
3073,rue du cardinal richaud,sans
3043,rue galin,sans
3004,"avenue abadie, rue gustave carde, rue serr,",sans
3000,hall 3 parc des expositions,sans
2971,rue de la faïencerie,sans
2958,rue pierre trebod,sans
2951,cours du médoc,sans
2912,hangar 19,sans
2871,rue de la benauge et rue fernand palau,sans
2864,place pey berland,sans
2831,rue castelnau d'auros et 20 rue judaique,sans
2811,rue rene cassin,sans
2755,rue jules guesde,sans
2755,quai de brazza,sans
2664,rue de la croix blanche,sans
2655,gare saint jean,sans
2616,rue judaique,sans
2609,rue porte dijeaux,sans
2571,rue ferdinand palau,sans
2556,rue ferrere,sans
2528,quai de la souys,sans
2500,ceb parc des expositions hall 1,sans
2471,et 20 parvis des chartrons,sans
2400,allees tourny,sans
2391,avenue de la jallère,sans
2370,place de l'europe,sans
2346,rue ferrère,sans
2323,bassins a flots 1,sans
2310,quai du maroc et rue de gironde,avec
2255,quai armand lalande,sans
2246,cours de luze,sans
2165,rue charles domercq,sans
2161,cours de la somme,sans
2148,rue d'armagnac,sans
2137,rue des etrangers,sans
2087,rue fenelon et 9 rue montesquieu,sans
2044,allée des peupliers,sans
2013,a 233 bd alfred daney,sans
2013,allées de tourny,sans
2000,avenue de labarde,sans
1976,rue du petit barail,sans
1933,bd president wilson,sans
1926,cours pasteur,sans
1909,rue charles chaigneau,sans
1883,rue achard,sans
1880,allée serr,sans
1860,rue malbec,sans
1811,rue de begles,sans
1796,cours d'albret,sans
1781,rue francis garnier,sans
1758,rue margaux,sans
1746,rue de l'ecole normale,sans
1730,place stalingrad,sans
1702,place du marche des chartrons,sans
1690,rue joseph brunet,sans
1686,rue de grassi,sans
1678,rue laroche,sans
1660,rue condorcet,sans
1624,boulevard du président wilson,sans
1591,rue saint remi,sans
1569,rue des faures,sans
1567,rue virginia,sans
1564,rue duguay trouin,sans
1553,rue des douves,sans
1550,60 rue sainte catherine,sans
1550,rue andre maginot,sans
1526,rue mondenard,sans
1514,"rue de la porte dijeaux, rue margaux",sans
1508,rue du commerce,sans
1501,rue jean smazeuilh,sans
1500,plaine des sports - quai des salinières,sans
1498,cours barbey,sans
1496,rue du grand barail,sans
1484,rue du pas saint georges,sans
1472,rue robert lateulade,avec
1458,boulevard albert 1er,sans
1458,a 33 rue claude boucher,avec
1448,place des martyrs de la resistance,sans
1445,place ravezies,sans
1436,"et 37, cours du maréchal juin",sans
1434,rue du palais gallien,sans
1426,rue ernest renan,sans
1413,jardin public,sans
1410,place de l'eglise saint augustin,sans
1407,place amelie raba leon,sans
1403,place gambetta,sans
1370,centre commercial les passages cmk,sans
1366,cours du raccordement,sans
1366,rue du château d'eau,sans
1363,cours du chapeau rouge,sans
1361,place sainte eulalie,sans
1361,cours de l'argonne,sans
1356,rue de la croix blanche,avec
1350,hémicycle des quinconces,sans
1348,avenue d'eysines,sans
1345,quai de paludate et 13 rue de saget,sans
1335,rue père louis de jabrun,sans
1326,rue borie,sans
1326,rue de bel orme,sans
1320,rue de saint genes,sans
1304,rue du grand rabbin joseph cohen,sans
1299,rue des ayres,sans
1293,"a 93 rue porte dijeaux, 5 a 15 rue vital carles",sans
1292,rue jean burguet,avec
1283,rue francois de sourdis,sans
1283,quai de brienne,sans
1281,avenue andre reinson,sans
1281,cours du xxx juillet,sans
1274,rue serr,sans
1267,rue de la bechade,sans
1257,c esplanade charles de gaulle,sans
1257,rue georges bonnac,sans
1248,rue de pessac,sans
1236,place camille jullian,sans
1232,boulevard godard,sans
1221,rue de la faiencerie,sans
1213,rue de dijon,sans
1200,quai sainte croix,sans
1200,place du chapelet,sans
1197,rue d'armagnac,avec
1192,quai de paludate,avec
1188,avenue general leclerc,sans
1184,cours de l'yser,sans
1173,"rue du velodrome,154 avenue d'eysines",sans
1173,cours v.hugo,sans
1168,rue croix de seguey,sans
1166,rue brizard,sans
1157,cours alsace et lorraine,sans
1156,rue promis,sans
1153,place saint christoly,sans
1150,bassin a flot n°1 quai armand lalande,sans
1145,quai lawtonrue lucien faure,sans
1140,cours saint louis,avec
1102,"rue jacques ellul, place andre meunier",sans
1101,"rues blanqui, rue des etrangers et rue achard",sans
1101,rue du jardin public,sans
1100,tour cristal,sans
1084,allee jean giono,sans
1073,cours georges clemenceau,sans
1071,hangar 18,sans
1069,rue bourbon,sans
1066,rue francisco ferrer,sans
1057,rue de tauzia,sans
1050,rue poquelin moliere,avec
1045,rue marcel pagnol et rue bourbon,sans
1042,rue alexander fleming,sans
1041,rue robert lateulade,sans
1023,avenue de tourville,sans
1022,place amélie raba léon,sans
1021,avenue de la republique,sans
1015,"terrasse du gal koenig,rue courpon,",sans
1012,rue du docteur jean vincent,sans
1000,place du cardinal donnet,sans
1000,"place de langalerie, 51 rue notre dame",sans
1000,esplanade des quinconces,sans
995,place jean jaures cours du chapeau rouge,sans
990,rue notre dame,sans
988,rue dom devienne,sans
985,cours de l intendance,sans
982,quai deschamps,sans
981,rue mouneyra,sans
980,a 9 rue de bel orme,sans
980,78 cours balguerie stuttenberg,sans
972,rue lecocq,sans
968,rue joseph abria,sans
967,rue docteur albert barraud,sans
966,rue de la merci,sans
954,cours aristide briand,sans
953,rue paul broca,sans
940,place pierre renaudel,sans
927,rue de marseille,sans
923,rue pierre baour,sans
912,rue du parlement sainte catherine,sans
911,"quai de bacalan, rue lucien faure,",sans
910,cours du maréchal juin,sans
908,rue blanqui,sans
908,rue des freres bonie,sans
902,rue pauline kergomard,sans
902,rue raymond poincare,sans
892,rue de queyries,sans
888,rue du mirail,sans
886,rue cardinal richaud,sans
884,"cours de la marne, cours barbey, rue ferbos",sans
884,avenue du général de larminat,sans
876,19 et 21 rue andre darbon,sans
876,cours edouard vaillant,sans
869,rue mably,sans
866,rue des piliers de tutelle,sans
862,allees de tourny,sans
860,"quai de brienne, rue de louisiane et rue de l'orénoque",sans
859,"quai de brienne, bd jean-jacques bosc et rue de l'orenoque",sans
850,rue des terres de borde,sans
850,bd president wilson-rue ernest renan,sans
848,rue breau,sans
843,"rue saint maur, 15 rue montgolfier",sans
829,rue charles martin,sans
822,rue carle vernet,sans
820,cours de quebec,sans
816,rue amédée saint germain,sans
815,"niveau 9,50",sans
815,cours de verdun,sans
809,place puy paulin,sans
802,rue des trois conils,sans
800,zac saint jean belcier - lot 6.8,sans
800,cours du raccodement et cours louis fargue,sans
799,cours du marechal juin,avec
798,rue des sablieres,sans
792,rue du docteur hoffmann martinot,sans
784,rue fondaudege,sans
784,rue georges bonnac,avec
781,rue de begles,avec
780,place victor raulin / 2bis rue achard,sans
779,place saint pierre,sans
776,avenue de la république,sans
774,square jean vauthier,sans
771,avenue d'ares,sans
766,rue esprit des lois,sans
765,rue leyteire,sans
762,"allee jean giono, rue gustave carde",sans
755,rue des ateliers,avec
754,place andré meunier,sans
750,rue domion,sans
745,rue des augustins,sans
743,rue marcel sembat,sans
736,avenue du marechal de lattre de tassigny,sans
732,rue rené magne,sans
727,cours de la martinique,sans
723,rue du professeur jeanneney,sans
722,rue saint catherine,sans
722,rue lucien faure et sente des carrelets,sans
720,rue de l ecole normale,sans
720,rue jean-gabriel domergue,sans
719,rue saint genès,sans
719,rue jean fleuret,sans
710,rue de la benauge,sans
710,rue casteja,avec
704,rue lucien faure et rue bourbon,sans
702,place amelie raba leon,avec
694,rue abbe de l'epee,sans
694,rue saint rémi / place de la bourse,sans
692,rue baour,sans
681,rue de cursol,sans
680,rue de son tay,sans
680,rue des douves/place andre meunier,sans
680,rues domion et stehelin,sans
679,rue fernand cazeres,sans
679,place des grands hommes,sans
679,cours du quebec,sans
676,quai louis xviii ( face jean jaures ).,sans
676,39 rue porte dijeaux,sans
675,rue jean dupas,sans
671,bd jean jacques bosc,sans
662,bassin a flots n° 1 quai armand lalande,sans
659,rue lucien faure et rue de la faiencerie,sans
658,quai richelieu,sans
652,176 rue jules ferry,sans
647,rue edouard faure,sans
646,"42 rue lalande, rue magendie",sans
646,rue vauban,sans
636,rue segalier,sans
636,allée eugène delacroix,sans
635,rue raze,sans
628,rue lagrange,sans
627,place du marché des chartrons,sans
627,cours portal,sans
626,quai lawton,sans
626,rue saint nicolas,sans
625,rue lafaurie de monbadon,sans
623,"quai de brienne, bd jean-jacques bosc et rue de louisiane",sans
622,rue camille sauvageau,sans
619,rue des bahutiers,sans
618,rue saint james,sans
610,rue edmond besse,sans
609,rue delbos et rue ouagadougou,sans
606,ilôt ed1 zac garonne eiffel,sans
604,rue walter poupot,sans
600,rue de budos,sans
595,rue fondaudège,sans
593,quai du maroc,sans
592,hangar 15,sans
589,rue leon blum,sans
589,cours alsace lorraine,sans
587,rue maitre jean,sans
586,rue huguerie,sans
585,quai du maroc et 1 place des millesimes,sans
584,rue ferbos,sans
584,"quai armand lalande, 9,11,13 rue lucien faure",sans
583,impasse du docteur jean vincent,sans
582,31 rue paul courteault,sans
582,cours de la somme et 3 rue p antin,sans
577,allees de boutaut,sans
573,rue hortense,sans
573,36 avenue du docteur schinazi,sans
572,rue de cheverus,sans
569,rue de la vieille tour,sans
568,rue david johnston,sans
567,rue des palanques,sans
567,quai des caps,sans
566,quai de paludate lieu-dit  ilot b,sans
560,place bardineau,sans
560,153 rue du tondu,sans
559,rue emile combes,sans
556,rue mandron,sans
550,place du parlement,sans
550,rue stehelin/angle rue chanoine a. lacaze,sans
548,avenue bel air,sans
548,rue paul louis lande,sans
548,rue du petit miot,sans
546,rue des menuts,sans
546,avenue marcel dassault,sans
545,rue voltaire,sans
545,"quai de bienne, rue de l'orenoque et rue de louisiane",sans
545,"rue flornoy, 228 rue berruer",sans
544,angle rue beck et place d'armagnac,sans
544,rue montesquieu,sans
540,allée deschamps,sans
540,rue buhan,sans
535,niveau 2,sans
533,rue des remparts,sans
533,rue du professeur darget,sans
533,"rue furtado, 64 rue malbec",sans
532,place amélie raba léon,avec
531,rue du tri postal ilot 8.2 d-e,sans
528,rue du professeur georges jeanneney,sans
527,rue gouffrand,sans
527,rue d'armagnac - zac saint jean belcier,sans
526,"ilot angle allée serr, rue louis eymie,",sans
524,rue du chanoine andre lacaze,sans
524,rue magendie,sans
523,rue dumont d'urville,sans
520,quai de la douane,sans
520,rue bobillot,sans
518,avenue du parc de lescure,sans
517,quai de brienne et rue de la louisiane,sans
512,avenue des trois cardinaux,sans
512,rue du docteur albert barraud,sans
510,rue saint rémi,sans
510,24 rue albert thomas,sans
500,rue docteur jean vincent,sans
500,rue antoine jourde,sans
500,avenue jean-gabriel domergue,sans
500,avenue thiers/rue du cypressat,sans
499,avenue de pernon,sans
496,-376  avenue thiers,sans
493,face au 60 quai des chartrons,sans
489,square des commandos de france,sans
488,rue rolland,sans
484,38 quai de paludate,sans
484,rue du loup,sans
483,rue chantecrit,sans
483,rue casteja-46 rue thiac,sans
482,rue albert thomas,sans
481,avenue general de larminat,sans
478,place alice girou,sans
478,rue du jonc,sans
476,185 boulevard marechal leclerc,sans
475,place de l'église saint augustin,sans
472,rue ravez,sans
472,place saint projet,sans
470,rue guyart,sans
470,rue casteja,sans
467,rue achard angle rue de ouagadougou,sans
463,place ferdinand buisson,sans
461,hangar 17,sans
461,rue de marseille - impasse ducaule,sans
460,quai de la monnaie,sans
460,avenue louis barthou,sans
457,avenue carnot,sans
454,place saint martial,sans
453,rue de la bechade,avec
450,"rue de saint genes,93 bis rue de segur",avec
450,rue brun,sans
450,rue roger touton,sans
449,place francis de pressense,sans
449,place de la comédie,sans
449,rue camille godard,sans
448,rue des faussets,sans
445,rue jude,sans
444,esplanade linne,sans
443,boulevard joliot curie,sans
442,avenue raymond poincare,sans
440,rue du professeur devaux,sans
440,rue de la devise,sans
440,rue des beaux arts,sans
436,place du colonel raynal 70 rue  chateau d'eau -,sans
435,quai des salinieres,sans
435,hangar 19 - lot 7 - quai de bacalan,sans
434,rue xavier arsène henry,sans
433,avenue emile counord ilot portmann,sans
432,loge n°164,sans
430,cours de l'argonne,avec
422,rue de la pelouse de douet,avec
422,rue des argentiers,sans
422,cours d'alsace et lorraine,sans
422,rue ausone,sans
422,avenue abadie,sans
418,"niveaux 14,50 et 19,50",sans
418,"rue des ayres , 3 rue paul bert",sans
414,rue delbos,sans
412,place de la république,sans
410,rue stehelin,sans
410,cours  pasteur,sans
407,rue  de nuits et de chateauneuf,sans
405,rue gustave carde,sans
402,"rue belleville, angle rue lecocq",sans
400,rue du ha-32 rue du cdt arnould,sans
400,zac les berges du lac ginko ii  6 ilot c1.1a,sans
400,rue de la pelouse de douet,sans
399,rue permentade,sans
399,rue eugène le roy,avec
395,boulevard pierre 1er,sans
390,rue des douves et 2  rue du noviciat,sans
389,rue elie gintrac,sans
388,due de la béchade,sans
385,rue frantz despagnet,sans
385,rue sainte colombe,sans
382,rue judaïque,sans
382,rue vital carles,sans
380,"hangar 17 - lots 3, 4 et 5",sans
380,allees d'orleans,sans
379,avenue de la jallere,sans
376,place victor raulin / 2 bis rue achard,sans
375,place des chartrons,sans
375,7 cours barbey,sans
373,rue du mulet,sans
372,rue buchou,sans
370,rue robert schuman,sans
367,place eugène gauthier et 21 rue domion,sans
364,rue de la louisiane - 3 rue des laurentides,sans
362,"bd alienor d'aquitaine, rue etienne ginestous",sans
360,angle rue de la bechade/rue quintin,sans
358,rue charles martin/rue blanqui,sans
358,rue de conde,sans
358,"rue toulouse-lautrec, 3 rue villeneuve",sans
358,rue francois leveque,sans
357,294 cours de la somme,sans
357,rue du marechal joffre,sans
354,rue de gironde,sans
354,place jean moulin,sans
353,78 rue de tauzia,sans
350,sente canis,sans
350,allées tourny,sans
350,place andre meunier,sans
349,place paul doumer,sans
348,rue de la porte dijeaux,sans
346,77 rue porte dijeaux,sans
346,quai louis xviii,sans
346,rue du tondu,sans
345,rue paul bert,sans
345,rue jardel,sans
344,rue claude bonnier,sans
342,avenue du docteur schinazi,sans
340,rue du ha,sans
337,avenue du general leclerc,sans
336,rue du temple,sans
336,avenue d'arés,sans
334,rue franklin,sans
334,rue du docteur charles nancel penard,sans
333,rue nuyens,sans
332,allée d'orléans,sans
330,75 rue lachassaigne,sans
329,boulevard du marechal leclerc,sans
329,rue duffour dubergier,sans
327,rue robert caumont,sans
326,cours georges clémenceau,sans
325,rue de la miséricorde -7/8 place francis de préssencé,sans
325,rue aristide sousa mendes,sans
324,rue paul courteault,sans
324,place adolphe buscaillet,sans
323,rue c domercq et 65 67 rue e leroy,sans
322,quai hubert prom,sans
321,rue du tauzin - rue de bethmann,sans
321,cours xavier arnozan,sans
320,boulevard george v,sans
319,rue du hamel,sans
318,place fernand lafargue,sans
317,rue du docteur albert schweitzer,sans
317,rue  margaux,sans
316,place d'armagnac,sans
314,rue des douves /place andre meunier,sans
314,a 18 quai des chartrons,sans
313,rue robert schuman et 47 rue pierre trébod,sans
312,rue de nuits,sans
312,"rue des ayres, 3 rue paul bert",sans
312,rue de tregey,sans
312,quartier sainte croix,sans
312,rue bouffard,sans
311,cours du marechal gallieni,sans
311,rue  achard,sans
310,18bis cours journu auber,sans
309,rue marsan,sans
306,quai de gironde/rue des etrangers,sans
302,rue baudry lacantinerie,sans
302,rue de la béchade,sans
300,rue de la benatte,sans
300,rue soubiras,sans
300,place du xi novembre-rue o'reilly,sans
300,rue ulysse despaux,sans
299,hangar 15 quai de bacalan,sans
299,rue eugene delacroix,sans
299,rues stehelin et domion,sans
299,rue maubec,sans
299,rue andré darbon,sans
297,rue josephine,sans
296,"75 et 66,68 rue de lachassaigne",sans
296,"8, 10 rue jean artus",sans
296,rue de candale,sans
293,rue leonard lenoir,sans
293,rue léon pallière/209-211bld jean jacques bosc,sans
292,rue maucoudinat,sans
290,rues jean artus et du dr albert schweitzer,sans
290,rue jouannet,sans
290,rue du jardin public - b.p. 6,sans
290,"pl puy paulin,e rue guillaume brochon",sans
289,boulevard godard et rue dr finlay,avec
288,rue d'ornano,sans
286,rue de la gare d'orléans - 29 avenue abadie,avec
286,rue deyries,sans
286,rue lamothe,sans
285,rue chauffour,sans
283,avenue alienor d'aquitaine,sans
283,rue francin,sans
282,rue furtado,sans
282,dalle du pertuis -bassin à flot n°1,sans
282,rue de bethmann,sans
281,rue du professeur darget - zac aliénor d'aquitaine,sans
280,rue delord/josephine,sans
280,rue de la halle,sans
280,hangar 16,sans
280,rue du parlement saint pierre,sans
280,cours victior hugo,sans
280,rue de saintonge,sans
280,impasse birouette,sans
279,et 45 rue de dijon,sans
278,rue alphonse dupeux,sans
277,rasse du front du medoc,sans
276,ilot b1.3 de ginko,sans
276,rue lhérisson,sans
274,rue de turenne,sans
272,place du general sarrail,sans
271,allée corail - zac saint jean belcier,sans
270,rue kleber,sans
270,hangar g2 - bassin à flot n°1,sans
268,rue roger caumont,sans
268,cours charles bricaud,sans
267,place du palais,sans
266,rue lucien faure - hangar g4 - lots a1 et a3,sans
265,place jean jaures,sans
265,rue louis combes,sans
264,rue marcel achard,sans
264,rue emile peynaud,sans
264,ilot b05 quai de queyries,sans
261,rue paul antin,sans
260,rues mac carthy et guynemer,sans
260,gymnase thiers,sans
260,rue de tivoli,sans
260,rue sicard,sans
259,av alienor d'aquitaine,sans
256,place louis barthou,sans
255,rue delacroix,sans
255,avenue du general de larminat,sans
254,11 cours de l'argonne,sans
254,place jean jaurès,sans
253,rue neuve,sans
253,rue de tauzin,sans
253,rue porte-dijeaux,sans
252,rue nicot,sans
252,rue saint sernin,sans
251,rue fernand philippart,sans
251,avenue de nontraste,sans
251,allee serr,avec
250,place de lerme,sans
250,"cours du medoc, 133 cours journu auber",sans
250,rue wustenberg,sans
250,rue castelnau d'auros,sans
249,marché d'intérêt national brienne,sans
248,boulevard antoine gautier,sans
241,"niveau 19,50",sans
240,place tourny,sans
237,"allee stendhal, rue des chais",sans
237,angle cours charles bricaud et,sans
237,"b, rue poyenne",sans
237,allee serr,sans
236,boulevard albert 1er et rue louis cabié,sans
235,rue rode,sans
234,"rue de la rotonde, rue hortense",sans
234,route de toulouse angle bd albert 1er,sans
233,rue georges barres,sans
232,rue des etrangers- rue blanqui et voie nouvelle,sans
231,12 et 16 cours du maréchal juin,sans
231,avenue de la gare,sans
229,avenue thiers élémentaire,sans
228,cours du maréchal galliéni,sans
228,rue charlevoix de villers,sans
226,rue jean lalanne,sans
225,angle cours charles bricaud et rue germaine,sans
225,rue paul doumer/jerome mauvigney,sans
225,rue gambetta,sans
224,rue de la cour des aides,sans
224,rue des gants,sans
222,rue kleber-21 passage moreau,sans
221,rue carpenteyre,sans
221,place rohan,sans
221,centre commercial les passages,sans
220,avenue du maréchal de lattre de tassigny,sans
217,cours de québec,sans
216,cours du marechal foch,sans
215,rue dieu,sans
215,rue bouquière,sans
215,rue planterose,sans
212,avenue thiers,avec
212,rue noviciat,sans
211,rue de la rousselle,sans
210,rue duplessy,sans
208,rue de la béchade,avec
208,route de toulouse,sans
207,cours louis fargue,sans
205,"et 86, cours aristide briand",sans
204,rue de la rotonde,sans
204,rue de l'abbe de l'epee,sans
204,rue de sèze,sans
203,rue charles chaumet,sans
203,quai de brienne et bd jean-jacques bosc,sans
203,allée de tourny,sans
202,rue louis gendreau,sans
202,68 rue de lachassaigne,sans
201,rue jenny lepreux,sans
200,rue du docteur a schweitzer,sans
200,boulevard godard lot b,sans
200,cours du 30 juillet,sans
200,rue de moulis,avec
199,rue du maréchal joffre,sans
199,rue darbon,sans
199,rue luflade,sans
199,rue du general de larminat,sans
199,"cours le rouzic, 13 rue bonnefin",sans
199,6et8 rue rené cassin,sans
198,7  rue dubessan,sans
198,"15 place canteloup, 5 rue planterose",sans
198,"quai de brienne, rue de la louisiane, rue du jardin de l'ars",sans
198,cours evrard de fayolle,sans
197,rue du pont de la mousque,sans
197,rue du chai des farines,sans
197,cours du quebec /avenue laroque,sans
196,rue laplacette,sans
195,"et 37, rue des argentiers",sans
195,rue causserouge,sans
195,boulevard alfred brandenburg,sans
195,place meynard,sans
194,rue edmond costedoat,sans
193,rue  lucien faure,sans
192,rue pineau,sans
192,rue eugène jacquet,sans
192,rue yves glotin,sans
192,rue carle vernet - rue d'armagnac,sans
192,"rue de l ecole normale,  1 rue du grand lebrun",sans
191,et 6 avenue de la république,sans
190,rue amedee saint germain,sans
190,"rue cabanac, 4 rue bac-ninh",sans
190,rue maryse bastie,avec
190,rue d'armagnac ilot 8.2 d-e,sans
190,rue paul berthelot,sans
190,a 23 rue oscar et jean auriac,sans
190,rue de madrid,sans
190,hangar 18 - lot 10/12,sans
190,rue corps franc pommies,sans
189,rue jacques d'welles,sans
189,a 26 quai de bacalan,sans
188,allee de serr,sans
188,allees d'orleans / place des quinconces,sans
188,rue ulysse gayon,sans
187,rue de madagascar,sans
186,rue du parlement sainte catherine,avec
186,rue eugene jacquet,sans
185,impasse sainte elisabeth,sans
185,place de la ferme de richemond,sans
184,boulevard maréchal leclerc,sans
184,rue de merignac,sans
184,rue thiac,sans
182,rue giacomo matteoti,sans
182,rue turenne 143 rue du palais gallien,sans
180,rue auguste poirson - 61 rue de tivoli,sans
180,rue  marengo,sans
180,rue turenne et 60 rue dr albert barraud,sans
180,allees des peupliers,sans
180,21 rue du noviciat,sans
180,"rue de tivoli - 40 et 44, rue rivière - 3, rue de macau",sans
180,rue de suffren,sans
180,ilot 16 a   place ravezies,sans
180,cours arisitide briand,sans
180,avenue des quarantes journaux,sans
179,rue de talence,sans
179,rue jean jacques rousseau,sans
177,rue du cancera,sans
176,"rue pascal mothes, 151 cours de l'yser",sans
175,220 rue sainte catherine,sans
175,place simiot,sans
175,41 rue du petit goave,sans
174,rue tourat,sans
173,rue general de larminat ilot ornano,sans
172,rue pasteur,sans
171,bois de riviere  rue mandron,sans
171,place amedee larrieu,sans
171,rue du général de larminat,sans
171,rue ramonet,sans
170,rue marcel issartier,sans
170,rue pierre duhem et 28 rue walter poupot,sans
170,rue cornac,sans
170,quai de paludate & rue de la seigliere,sans
170,et 8 place rene maran,sans
170,angle des rues leon pailliere/ maraichers et carle vernet,sans
170,avenue marechal de tassigny,sans
169,rue emile henriot,avec
168,hangar 16 - lot 10,sans
168,44 rue de la porte dijeaux,sans
168,rue joséphine,sans
167,impasse saint catherine,sans
167,rue fondaudege,avec
167,"4 rue du fort louis, 6 place renaudel",sans
167,angle pl latule et boulevard alfred daney,sans
167,rue candale,sans
166,rue bouquiere,sans
166,cours de l'ntendance,sans
165,rue boudet,sans
165,rue buffon,sans
164,rue du fils,sans
164,place sainte catherine,sans
163,cours de l'intendance-1 rue sainte catherine,sans
162,rue grateloup,sans
162,rue porte de la monnaie,sans
160,résidence saint jean cours de la marne,avec
160,rue giaccomo matteoti,sans
160,rue fernand marin,sans
160,rue dr albert schweitzer,sans
159,rue des vignes,sans
159,hangar 18 - lot 13,sans
158,rue chanoine a. lacaze,sans
157,rue latour,sans
157,rue burthaud angle rue dunant,sans
157,boulevard president wilson,sans
156,a 70 rue du palais gallien,sans
156,rue de la fusterie,sans
155,rue rene buthaut,sans
155,270 rue sainte catherine,sans
153,bassin a flot n° 1 quai  armand lalande,sans
153,rue françois daunes,sans
153,rue de la motte piquet,sans
153,rue claude boucher,sans
153,rue de guienne,sans
152,rue labottiére,sans
152,zac de ravesie sud,sans
151,rue naujac,sans
151,rue du marais,sans
150,rue de hourtins,sans
150,rue francois coppee,sans
150,rue barillet deschamps,sans
150,avenue georges clemenceau,sans
150,rue raymond poincare et boulevard jules simon,sans
150,rue des retaillons,sans
150,rue traversanne,sans
150,"rue stehelin,rue domion",sans
150,"168 cours de l'argonne,17 rue g. rioux",sans
150,rue pascal mothes,sans
150,"quai des queyries, rue raymond lavigne",sans
150,place montaud,sans
149,place du colonel raynal,sans
149,avenue henry dunant,sans
149,hangar 17 - lots 10 et 11,sans
148,rue bonnefin,sans
147,rue du grand maurian,sans
147,rue du cerf volant,sans
147,"marché des capucins  halle b,angle jules",sans
147,rue peyronnet,sans
147,boulevard godard et rue du docteur finlay,sans
147,rue stéhélin,sans
147,rue bethmann et rue tauzin,sans
147,rue du port,sans
147,99 rue porte-dijeaux,sans
146,rue detrois,sans
146,rue barreyre,sans
146,et 3bis rue lucien faure,sans
145,rue edmond michelet,sans
145,rue dubourdieu,sans
145,"et 13, rue dumont d'urville",sans
144,anenuie marcel dassault,sans
143,"et 54, place des capucins",sans
142,rue d'ornano et passage hermitte,sans
142,bassin à flots n°1 - quai armand lalande,sans
141,rue du commandant arnould,sans
140,a 7 cours xavier arnozan,sans
140,"rue jean renaud dandicolle,place rodesse",avec
140,-8 rue charles domercq,avec
140,rue docteur albert schweitzer,sans
140,rue lombard,sans
140,"bd jules simon, 44 rue beaudrimont",sans
139,rue prémeynard,sans
139,"niveau 14,50",sans
138,rue teulere,sans
138,rue fieffé,sans
138,quai des marques hangar 16,sans
138,rue joseph pujol,sans
138,quai de brienne et rue de l'orénoque,sans
136,rue des generaux duche,sans
136,rasse du front du médoc,sans
135,cite lartigue,sans
135,rue mozart,sans
135,rue labottiere,avec
135,bd du president wilson,sans
134,hangar 15 - lot 5,sans
134,avenue de lattre de tassigny,sans
134,rue courpon,sans
134,rue boulan,sans
133,rue lafayette,sans
133,place du maucaillou,sans
132,cours georges clemenceau,avec
132,"rue leyteire, 32 rue du mirail",sans
131,rue gobineau,avec
131,rue des généraux duché,avec
131,passage de la jalle - mail des bordelais,sans
130,rue fieffe,sans
130,168 cours de l'argonne,sans
130,loge n° 163,sans
130,rue pierre trébod,sans
130,et 30  rue paul broca,sans
130,cours de la liberation,sans
129,18 rue porte dijeaux,sans
129,avenue d'arès,sans
129,passage  brian,sans
129,rue castelnau d'auros / 20 rue judaique,sans
129,galerie bordelaise,sans
128,rue jeanneney,sans
128,avenue d ares,sans
128,a 14 rue hanappier,sans
128,avenue emile counord,avec
127,rue canihac,sans
126,place lopez et rue bahr,sans
125,19 rue marguerite crauste,sans
125,hangar 19 - lot 3,sans
125,rue arnaud miqueu,sans
124,rue du temple,avec
124,rue du cloître,sans
124,rue jean fleuret et cours maréchal juin,sans
124,46 cours de l'intendance,sans
123,rue francois roganeau,sans
123,rue tiffonet,sans
122,rue roquelaure et joseph de carayon-latour,sans
122,rue oscar et jean auriac,sans
122,ilot 16 a zac ravezies,sans
121,hangar 15 - lots 1 et 2,sans
121,rue castillon,sans
121,et 26 rue sainte colombe,sans
121,rue mazarin,sans
120,"quai des queyries, 1 rue de serr",sans
120,rue de solférino,sans
120,impasse des minimettes,sans
120,rue adrien baysselance,sans
120,quai des chartrons face au n° 20,sans
119,rue bayssac,sans
119,promenade des forges,sans
119,87 rue sainte catherine,sans
118,cours d'alsace lorraine,sans
118,rue de la maison daurade,sans
118,"rue du professeur lannelongue, bd alfred daney",avec
117,"cours georges clemenceau,65-69 cours intendance",sans
117,rue cazemajor,sans
117,rue gabriel frizeau,sans
116,"cours alsace et lorraine, 13-15 rue sainte colombe",sans
116,boulevard antoine gauthier,sans
116,rue grassi,sans
115,13 bis rue du serpolet,sans
115,rue martignac,sans
114,rue eugene leroy,sans
114,rue saint macaire et,sans
113,cours de l' intendance,sans
113,rue gratiolet,sans
113,cours lucien faure et rue de canis,sans
113,rue de rivière,sans
113,rue jean hameau,sans
113,rue belleville,sans
113,avenue du général leclerc,sans
112,allée du corail - ilot 8.2b - armagnac,sans
111,avenue lucien faure  bat f 2,sans
111,rue bernard adour,sans
111,rue de la faiencerie et rue lucien faure,sans
110,rue guillaume leblanc,sans
110,rue marceline desbordes-valmore,sans
110,rue de lacanau,sans
110,rue d ornano,sans
110,quai de la grave,sans
110,bat c 17 rue ravez,sans
110,rue louis mie,sans
110,place des vignes,sans
110,41 cours de l'intendance,sans
110,av alienor d'aqutaine,sans
110,rue castéja,sans
109,rue rené cassin,sans
108,rue du professeur calmette,sans
108,rue jules dugas,sans
108,rue michel montaigne,sans
106,rue de montesquieu,sans
106,av du marechal de lattre de tassigny,sans
106,a 9 rue lhote,sans
106,rue marc sangnier,sans
106,rue louis de foix,sans
105,rue reinette,sans
105,rue de belleville,sans
105,"rue de pessac, angle rue de ségur",sans
104,cours de la libération,sans
104,parc bordelais,sans
104,rue de la course,sans
104,rue pelleport,sans
104,rue pierre loti,sans
103,a 311 cours marechal gallieni,sans
103,place gambetta/rue de la vieille tour,sans
102,rue françois de sourdis,sans
102,rue gambetta,avec
102,cours balguerie stuttenberg /av l.faure,sans
101,hangar 17 - lot 2,sans
101,rue blanqui / cours dupré de saint maur,sans
100,37 rue joseph faure,sans
100,rue du grand rabbin cohen,sans
100,15 rue du quai bourgeois,sans
100,rue garat-5o cours de marne,sans
100,rue de brach,sans
100,"cours d'albret, jardin de la mairie",sans
100,chemin de labarde,sans
100,a 31 rue de cheverus,sans
100,a 184 rue d ornano,sans
100,63 rue charles chaumet,sans
100,rue bouthier,sans
100,rue cadrouin,sans
100,rue francis delobelle,sans
100,av des trois cardinaux,sans
100,rue des hollandais et cours du quebec,sans
100,"cité leydet, 219 cours de la somme",avec
100,"et 35, boulevard albert 1er",sans
99,lot a2 bât b5 - quai de brazza,sans
99,boulevard jean jacques bosc,sans
99,place andre donis,sans
99,rue du palais de l'ombrière,sans
99,rue du temps passe,sans
99,allee raymond jean dupouy,sans
98,avenue alsace lorraine,sans
98,rue sansas,sans
98,rue du haut queyron,sans
97,rue vilaris,sans
97,cours george clemenceau,sans
96,rue ligier,sans
96,rue des lauriers,sans
96,rues pierre trebod et robert schuman,sans
95,"rue georges bonnac, rue du chateau d'eau",sans
95,allee des pins,sans
95,"rue de ruat,69 rue des trois conils",sans
95,batiment g8 - rue lucien faure,sans
95,rue montesquieu,avec
95,rue vital mareille,sans
95,rue des boucheries et rue reinière,sans
95,quai de brazza - ilôt a7,sans
95,allee de tourny,sans
95,rue reignier,sans
94,allée d'orléans - allée de munich,sans
94,bd albert 1er,sans
93,rue du puits descujols,sans
93,rue raymond poincaré,sans
93,rue frere,sans
92,rue catherine et william booth,sans
92,rue de leybardie,sans
92,rue billaudel,sans
91,rue de belfort,sans
91,rue de l'ecole,sans
91,rue condillac,sans
91,hangar 18 - lot 20,sans
91,rue general de larminat  ilot ornano,sans
91,rue du docteur gabriel pery,sans
90,29 rue sainte marie,sans
90,hangar 18 - lot 7,sans
90,a 158 avenue louis barthou,sans
90,-12 place des capucins,sans
90,rue du sablonat,sans
90,rue des acacias,sans
90,rue de pauillac et 18 a 26 rue de soulac,sans
90,et 11 rue margaux,sans
90,rue de seze,avec
90,rue laporte,sans
90,rue de begles et 20 cours de l'yser,sans
90,rue lajaunie,sans
90,rue sainte cecile,sans
90,rue corps franc pomies,sans
90,3 allee de chartres,sans
90,rue cambon,sans
90,rue des fossés,sans
89,local 7,sans
88,rue fourteau,sans
88,rue des etuves,sans
88,bassin a flots n°2 quai ouest,sans
88,hangar 18 - lot 3,sans
88,"et 26, rue paul mamert",sans
88,et 4 rue des faussets,sans
88,"89 rue du jardin public, 1 à 3 paul verlaine",sans
88,residence marly 25 rue fragonnard,sans
87,impasse faye,sans
87,hangar 16 - lot 3,sans
86,"rue gal de larminat, 48 rue joseph abria",sans
86,rue des trois conils/ impasse saint projet,sans
86,rue grateloup - cours de l'argonne,sans
85,boulevard albert brandenburg,sans
85,cours du m2doc,sans
85,cours le rouzic,sans
85,rue andre darbon,sans
84,rue masson,sans
84,rue des frères portman,sans
84,hangar 16 - lot 5,sans
84,hangar 16 - lot 7,sans
84,113 rue sainte catherine,sans
84,"et 79, rue furtado",sans
84,rue emile gentil,sans
83,213 cours de la marne,sans
83,rue pomme d or,sans
83,rue sauteyron,sans
82,rue des frères bonie,sans
82,hangar 16 - lot 8,sans
82,quai louis xviii  et 6 rue lafayette,sans
81,rue poquelin moliere,sans
80,rue prunier/ 1 rue pierre chareau,sans
80,rue de tivoli et 5 rue labottière,sans
80,rue sablonat,sans
80,rue de ladous,sans
80,a17 rue condillac,sans
80,rue monthyon,sans
80,rue du fort louis,sans
80,boulevard georges pompidou,sans
80,rue robert charazac,sans
80,rue du commandant hautreux,sans
80,rue du professeur vezes,sans
80,rue de la passerelle,sans
80,rue camille claudel,sans
80,rue minvielle,sans
80,allee listrac,sans
80,"rue casteja, 21 rue du palais gallien",sans
80,"immeuble master club, rue du prof dangeard",sans
80,rue colbert,sans
80,16 quai louis xviii,sans
80,rue camille saint saens,sans
80,rue dasvin,sans
80,rue mautrec,sans
80,rue des sablières,sans
80,rue labottiere,sans
80,rue des treuils,sans
78,rue du jardin public,avec
78,rue saint simeon,sans
78,bordeaux plaza ii place ravezie,sans
78,rue du professeur andre lavignolle,sans
78,rue jean descas,sans
77,rue bigot,sans
77,rues nicot et lecocq,sans
77,143 cours dupre de saint maur,sans
77,rue deveaux,sans
76,rue de la liberte,sans
76,rue poitevin,sans
76,rue garat,sans
76,rue fr de sourdis et avenue general de larminat,sans
76,rue saint catherine/rue des piliers de tutelle,sans
76,rue lucien faure angle quai lawton,sans
76,place de la victoire,avec
76,route de saget,sans
75,bd antoine gautier,sans
75,rue guiraude,sans
75,a 13 rue tastet,sans
74,pl de la ferme de richemont,sans
74,"rue jean renaud dandicolle,14 rue peugue",sans
74,rue carton,avec
74,rue belle etoile,sans
74,rue saige,sans
73,place bir hakeim,sans
72,rue alfred smith,sans
72,rue du père louis jabrun,sans
72,"quai de queyries, rues gust carde et jp alaux",sans
72,cours du maréchal foch,sans
72,rue saint francois/34 rue des menuts,sans
72,rue raymond lavigne,sans
72,et 57  rue du tauzin,sans
72,boulevard joliot-curie,sans
71,hangar 19 - lots 4 et 5,sans
71,"rue furtado,",sans
70,rue de doumerc,sans
70,quai du maroc et rue de gironde,sans
70,rue devaux,sans
70,rue pomme d'or,sans
70,avenue du general de gaulle,sans
70,10 quai richelieu,sans
70,"et 45, place gambetta",sans
69,"et 149, cours de la marne",sans
69,place de stalingrad,sans
69,rue d'arlac,sans
69,237 rue d'ornano,sans
69,lot a2 bât b4 - quai de brazza,sans
68,boulevard jean-jacques bosc,sans
68,"cours balguerie stuttenberg, rue lucien faure",sans
67,boulevard du président franklin roosevelt,sans
66,a 23 quai de paludate,sans
66,rue goya,sans
66,rue henri expert,sans
66,rue lafontaine,sans
66,rue manon cormier,sans
66,15 cours portal,sans
65,rue robert schuman/place de l europe,sans
65,angle rues de pessac et de budos,sans
64,cours journu auber,avec
64,rue des freres portman,sans
64,rue lafaurie monbadon,sans
64,cours des aubiers,sans
63,rue beck,sans
63,rue de tresses,sans
63,rue nancel pénard,sans
63,-22 quai richelieu,sans
63,rue saint vincent de paul,sans
63,centre commercant ginko - ecoquartier du lac,sans
63,-78 avenue thiers,sans
62,avenue saint amand,sans
62,a terrasse du front du medoc,sans
61,57 rue jules ferry,sans
61,rue gaspard philippe,sans
61,quai du senegal et quai de bacalan,sans
60,rue des faures,avec
60,rue saint francois,sans
60,rue du noviciat,sans
60,rue roger mirassou,sans
60,rue de deyme,sans
60,saumenude,sans
60,place de la fermede richemont,sans
60,avenue du golf,sans
60,place ginette neveu,sans
60,a 15 cours alsace et lorraine,sans
60,rue de segur,sans
60,rue bougainville lot 15  zi alfred daney,sans
59,rue de beziers,sans
59,rue pere louis de jabrun (niveau -1 ),sans
59,cours clémenceau,sans
59,rue elisée reclus,sans
58,a 31 rue sainte catherine,sans
58,rue montbazon,sans
58,angle rue bernard adour et solle,sans
58,a 24 cite reinette,sans
58,rue des 3 conils,sans
58,rue jean burguet,sans
58,cours d'alsace  lorraine,sans
58,. cours du chapeau rouge,sans
57,hangar 17 - lot 7,sans
57,rue de gravelotte,sans
57,rue du couvent,sans
57,quai de queyries - ilot b - bâtiment b3,sans
56,allees d orleans,sans
56,rue de lalande,sans
56,rue du professeur andré lavignolle,sans
55,rue costedoat,sans
55,cours balguerie stuttenberg et rue du c,sans
55,rue des étrangers,sans
54,rue beaubadat,sans
54,rue d'alembert,sans
54,place  des cedres,sans
54,rue des rempart,sans
52,a 71 rue anatole france,sans
52,rue jean renaud dandicolle,sans
52,rue de la tour de gassies,sans
52,quai de brienne et rue de louisiane,sans
51,impasse saint jean,sans
51,rue du noviciat,avec
50,bould jean jacques bosc,sans
50,crs saint louis,sans
50,a 50 cours du medoc,sans
50,av marechal de lattre de tassigny et rue g le,sans
50,a 64 rue joseph abria,sans
50,rue foy,sans
50,zac berge du lac - avenue marcel dassault,sans
50,rue de ségur,sans
50,place de casablanca,sans
50,rue jacques camille paris,sans
50,cours tournon,sans
50,61 rue de saget,sans
50,place bir hakiem,sans
50,rue maginot,sans
50,"quai des queyries, rue  gustave carde",sans
50,boulevard marechal leclerc,sans
50,rue de ruat,sans
50,enceinte du jardin public - cours de verdun,sans
50,rue camille sauvajeau,sans
50,bd marechal leclerc,sans
50,place armand faulat,sans
50,rue du professeur dangeard,sans
50,rue du commandant cousteau,sans
50,rue saint vincent de paul,avec
50,rue du par sainte catherine,sans
50,"avenue carnot, 171,173 rue du jardin public",sans
50,rue gensan,sans
50,"cours anatole france,fut 95 rue belleville",sans
50,rue judaique-2 rue pierre charron,sans
50,rue de la manutention,sans
50,rue du haut brion,sans
50,rue fort louis,sans
49,rue ducru,sans
49,rue andré maginot,sans
49,"quai de brienne, rue de la louisiane",sans
49,rue  charles durand,sans
49,rue premeynard _,sans
49,41 rue paul verlaine,sans
49,rue turenne,sans
48,rue sainte eugenie,sans
48,rue esprit des lois,avec
48,mail des bordelais/promenade du lac,sans
48,32 rue du mirail,sans
48,hangar 17 - lot 15,sans
48,hangar 17 - lot 14,sans
48,"et 66, cours de l'intendance",sans
48,quai louis  xviii,sans
47,rue kleber et 13 passage brémontier,sans
47,rue des  trois conils,sans
47,rue des allamandiers,sans
47,place jeau jaures,sans
47,37 rue sainte catherine,sans
47,rue colette,sans
47,"bassin a flots n°1, quai armand lalande",sans
47,rue saint joseph,sans
47,rue de l'observance et 19 rue hugla,sans
46,rue de chateauneuf,sans
46,rue ferdinand philippart,sans
46,70 rue sainte catherine,sans
46,rue malbec / 232 cours de l'yser,sans
46,loge n° 121,sans
46,rue dubourdieu,avec
46,rue mauriac,sans
46,rue repond,sans
46,hangar 17 - lot e,sans
46,"rue peyronnet, rue de tauzia",sans
45,hangar 18 - lot 19,sans
45,rue albert pitres,sans
45,rue villedieu,sans
45,place des martyrs de la résistance,sans
45,rue charles lamoureux,sans
45,rue montmejan,sans
45,rue michelet,sans
45,"place tartas, 160 rue judaique",sans
45,rue du docteur finlay,sans
45,rue sainte therese,sans
45,boulevard jean jacqus bosc,sans
45,cours d'alsace - lorraine,sans
44,impasse sainte catherine,sans
44,hangar 15 - lot 4,sans
44,rue dupaty,sans
44,rue cazenave,sans
44,rue abbe de l'epee,avec
44,rue de l'eglise saint augustin,sans
43,rue blanc dutrouilh,sans
43,allee de la pacific,sans
43,"rue sainte colombe, 2 bis rue buhan",sans
43,loge n°1 158,sans
43,rue de la boëtie,sans
43,rue de la porte de dijeaux,sans
42,13bis rue du serpolet,sans
42,rue vieillard,sans
42,place camille juillan,sans
42,25 rue mably,sans
42,rue edmond rostand,sans
42,avenue docteur schinazi,sans
41,rue calve,sans
41,hangar 16 - lot 4,sans
41,rue morton,sans
40,rue fernand audeguil,sans
40,rue clare,sans
40,tour 3 - 74 rue g. bonnac,sans
40,rue jean pierre marie bouron,sans
40,rue de madere,sans
40,et 6 bis rue du temple,sans
40,chemin pomerol,sans
40,rue des piliers de tutelles,sans
40,hangar 17 - lot 12,sans
40,"et 20, passage de la galerie bordelaises",sans
40,rue theresa cabarus,sans
40,rue de la  bechade,avec
40,rue gendreau,sans
40,rue docteur charles nancel penard,sans
40,place martyrs de la resistance,sans
40,rue de bègles,sans
40,rue des freres bonnie,sans
40,rue du general du cheyron,sans
40,et 59 rue léonce motelay,sans
40,avenue des 3 cardinaux,sans
40,rue andre dumercq,sans
40,rue professeur lavignolle,sans
40,boulevard jeanjacques bosc,sans
40,avenue poincaré,sans
40,rue du portail,sans
40,"et 3, allées de chartres",sans
40,quai de monnaie,sans
40,rue du petit cardinal,sans
40,place bir - hakeim,sans
40,allée balzac,sans
40,rue jean odin ( ex  henri  collignon ),sans
40,cours de l yser,sans
40,rue pierre duhem,sans
39,7 route de toulouse,sans
39,rue saint françois,sans
39,rue camille gogard,sans
39,rue du professeur lavignolle,sans
39,hangar 17 - lot 15 quai de bacalan,sans
39,avenue de la  republique,sans
39,loges n° 122,sans
38,cours du maréchal gallieni,sans
38,loge n° 106,sans
38,hangar 18 - lot 17,sans
38,place  pierre renaudel,sans
38,place rodesse,sans
38,rue du temps passé,sans
38,passage sarget,sans
38,hangar 18 - lot 15,sans
37,rue georges mandel,sans
37,rue franklin,avec
37,rue des allamendiers,sans
37,hangar 15 - lot 3,sans
37,rue bouffard,avec
36,avenue ares,sans
36,loge n° 149,sans
36,rue emile duploye,sans
36,rue monsarrat,sans
36,place charles gruet,sans
36,rue rigoulet,sans
35,rue du pas saint george,sans
35,hangar 18 lot 1 bis,sans
35,rue courbin,sans
35,impasse traversanne,sans
35,rue charles monselet,sans
35,et 27 impasse des tanneries,sans
35,rue charles tournemire,sans
35,"rue saint sernin, 32 rue edmond michelet,",sans
35,rue lenotre,sans
35,hangar 18 - lot 8,sans
34,rue de lescure,sans
34,avenue raymond poincaré,sans
34,rue heriard-dubreuil,sans
34,95 avenue thiers,sans
34,rue guilhou,sans
34,rue leupold,sans
33,rue emile fourcand,sans
33,rue cancéra,sans
33,rue camille godard et 1 avenue emile counord,sans
33,rue de la porte dijeau,sans
33,cours marc nouaux,sans
32,allées de boutaut,sans
32,hangar 18 - lot 16,sans
32,rue du hâ,sans
32,"b, 86,88, 90, 92 avenue thiers",sans
32,rue leytere,sans
32,avenue du marechal leclerc,sans
31,avenue d eysines,sans
31,rue balguerie stuttenberg,sans
31,rue edmond labasse,sans
31,"rue du cancera, 15 rue du pas saint georges",sans
31,rue de la porte cailhau,avec
30,rue de lurbe,sans
30,bd president franklin roosevelt,sans
30,rue louis braille,sans
30,centre commercial les passagescmk,sans
30,avenue vercingetorix,sans
30,42 avenue emile counord,sans
30,rue pourmann,sans
30,rue mahela,sans
30,rue jj rousseau,sans
30,rue abbe de l epee,sans
30,rue etobon chêbenier,sans
30,rue maubourguet,sans
30,place de la bourse,sans
30,rue charles domercq,avec
30,rue du général larminat,sans
30,rue sarrette,sans
30,boulevard brandenburg,sans
30,rue pierre trebod et 2 rue jean artus,sans
30,rue laseppe,sans
30,rue  maurice druon,sans
30,terrasse du front du medoc,sans
29,boulevard du maréchal leclerc,sans
29,rue du chai de farine,sans
29,rue etienne huyard,sans
29,hangar 17 - lot 13,sans
29,rue de la sau,sans
29,hangar 18 - lot 5,sans
28,rue francis jammes,sans
28,7 quai richelieu,sans
28,rue du docteur albert barraud,avec
28,hangar 18 - lot 2,sans
28,rue suffren,sans
28,cours victor hugo,avec
28,route oscar et jean auriac,sans
28,esplanade charles de gaulle,sans
27,rue ducau,sans
27,rue eugene le roy,avec
27,rue vital-carles,sans
27,"bd president wilson, a/ avenue ch de gaulle",sans
27,rue du moulin rouge,sans
27,rue beck et place d’armagnac,sans
26,rue du grand barail,avec
26,hangar 18 -  lot 14,sans
26,niveau 0,sans
26,place casablanca,sans
26,236 boulevard godard,sans
26,rue de stehelin,avec
25,quai  deschamps,sans
25,"quai de brienne, rue de la louisiane et rue de l'orénoque",sans
25,rue moulinie,sans
25,"rue charles domercq, resid etendard",sans
25,rue de l'eglise,sans
25,rue de saget,sans
25,hangar 17 - lot 1,sans
25,rue edmont michelet,sans
25,rue de condé,sans
25,rue de ayres,sans
25,rue des etables,sans
25,11rue permentade,sans
25,18 rue ferrere,sans
24,allées de chartres,sans
24,loge n° 164bis,sans
24,allée de chartres,sans
24,rue saint siméon,sans
24,place marie brizard,sans
24,rue périnot,sans
24,rue francois mauriac,sans
24,rue anatole france,sans
23,allées d'orléans,sans
23,place duburg,sans
23,avenue pasteur,sans
23,rue toulouse lautrec,sans
23,avenue de saint amand,sans
23,rue desfourniel,sans
23,rue eugène ténot,sans
23,rue des gamins,sans
23,4 et 6 cours de la somme,sans
23,rue du docteur nancel penard,sans
23,rue jean artus,sans
23,62 allee de tourny,sans
23,passage de la galerie bordelaise,sans
22,rue lafiteau,sans
22,rue surson,sans
22,rue solle,sans
22,rue du dr jean vincent,sans
22,loges n° 155 et 156,sans
22,rue pelouse de douet,sans
22,cours du chapeau  rouge,sans
22,rue abbé de l' epée,sans
22,rue kyrie,sans
22,rue dunant,sans
21,rue paulin,sans
21,rue du chateaud'eau,sans
21,rue de saint genes,avec
21,rue capdeville,sans
20,rues edmond michelet/du dr charles nancel pen,sans
20,a 103 cours edouard vaillant,sans
20,rue des ayres,avec
20,rue de la porte cailhau,sans
20,rue du serpolet,sans
20,rue honore tessier,sans
20,rue du cdt arnould,sans
20,rue vergniaud,sans
20,rue de la vieille tour,avec
20,rue castelnau d auros,sans
20,"rue du tondu, 30 rue sainte cécile",sans
20,rue de riviere,sans
20,avenue labarde,sans
20,rue du professeur moreau,sans
20,cite de caulet,sans
20,rue rene roy de clotte,sans
20,rue la motte picquet,sans
20,rue berruer,sans
20,rue des vignerons,sans
20,et 4bis avenue du jeu de paume,sans
20,6 rue brascassat,sans
20,rue du chateau d eau,sans
20,cours de l argonne,sans
20,c avenue d'eysines,sans
20,rue lartigue,sans
19,cours d'alsace-lorraine,sans
19,et 2 quai richelieu,sans
19,rue lafaurie  de monbadon,sans
19,cours de gourgue,sans
19,-376 avenue thiers,sans
19,rue de  l'église de cauderan,sans
19,rue bragard,sans
19,cours d albret,sans
19,rue des queyries . lot 5 . queyries sud,sans
19,rue bentayoux et rue guestier,sans
19,rue d armagnac,sans
19,rue chevalier,sans
19,cous pasteur,sans
19,rue des fours,sans
19,rue sainte-catherine,sans
19,rue jean-jacques rousseau,sans
19,rue camille renouil,sans
19,boulevard alfred daney bassin a flot n°2 quai ouest,sans
19,"rue mably,3 pl des grands hommes",sans
19,cite brulatour,sans
19,rue monadey,sans
19,clairiere des aubiers,sans
19,rue charazac,sans
19,allee haussmann,sans
19,rue de la liberté,sans
19,place canteloup,sans
19,rue de blaye,sans
19,"zac des chartrons,ilot o place des vignes",sans
19,"et 5, rue brascassat",sans
19,place du champ de mars,sans
19,rue balguerie stuttenberg / rue poyenne,sans
19,rue stéhelin,sans
19,rasse general koenig,sans
19,rue de guynemer,sans
19,rue de saigon,sans
19,rue charles nancel penard,sans
19,a 101 cours victor hugo,sans
19,rue prunier,sans
19,cours marechal gallieni,sans
19,rue jenny lepreux et 140/144  e.combes,sans
18,rue lefol,sans
18,rue de pineau,sans
18,rue pasteur,avec
18,place de l'eglise saint-augustin,sans
18,rue géo delvaille,sans
18,rue larmee,sans
18,rue marbotin,sans
18,"cours du médoc, 133 cours journu auber",sans
18,rue esmangard,sans
18,rue abbé de l'epée,sans
18,"rue ch domercq,resid etendard",sans
18,ruedu vélodrome,sans
18,"cours portal, 57 cours de la martinique",sans
18,rue paul louis landes,sans
18,loge n° 160,sans
18,rue du père dieuzaide,sans
18,cours balgurie stuttenberg,sans
18,"cours portal, 16 rue sicard",sans
17,centre commercial europe,sans
17,"place fernand lafargue, 2 rue bouquière",sans
16,rue denise,sans
16,rue monneron,sans
16,loge n° 144,sans
16,rue arago,sans
16,40 place gambetta,sans
16,chemin tournemire - bat h3,sans
16,jardins de gambetta,sans
16,rue calvé,sans
15,"rue laporte, 175 bd president wilson",sans
15,rue premeynard,sans
15,place dauphine,sans
15,rue des argentiers/1 rue de la tour de gassies,sans
15,square emile combes,sans
15,rue blanqui - ilot b3-4,sans
15,rue de la tour gassies,sans
15,rue de la verrerie,avec
15,place menard,sans
15,boulevard pierre 1er et cite chaigneau,sans
15,rue d'ormilly,sans
15,cours g clémenceau,sans
15,loge n° 110,sans
15,rue d ' ornano,sans
15,place dormoy,sans
15,rue pierre,sans
15,rue mathieu,sans
15,rue achard et 5 cité dutrey,sans
15,207 avenue louis barthou,sans
15,rue du professeur demons,sans
15,rue commandant arnoult,sans
15,rue erik satie bat 6 apt 171,sans
15,avenue de mirande,sans
15,cours  edouard vaillant,sans
15,residence du lac,sans
15,rue de belgique,sans
15,angle cours du medoc et avenue emile counord,sans
15,avenue laroque,sans
15,44 cours du maréchal juin,sans
15,rue porte des portanets,sans
15,rue cabirol,sans
15,rue de landiras,sans
15,avenue mal de lattre de tassigny,sans
14,rue de cauderan,avec
14,rue jean croix treyeran,sans
14,rue frantz schrader,sans
14,rue d'enghien,sans
14,rue toulouse lautrec,avec
14,angle 71 rue des vivants - 44 rue degain,sans
14,niveau 1,sans
14,rue du colonel grandier vazeille,sans
14,cours de tournon,sans
14,rue paul baudenon,sans
14,quai des salinières,sans
14,"et 5 ter, place jean cayrol",sans
14,261 rue d'ornano,sans
13,rue montméjean,sans
13,rue jules michelet,sans
13,43 avenue du general leclerc,sans
13,loge n° 113,sans
13,rue maréchal joffre,sans
13,impasse fontan et 127 cours de l'yser,sans
13,rue blanqui bassin a flot,sans
13,rue alfred grimal,sans
13,cours lucien faure,sans
13,cours de gourgues,sans
13,boulevard jules simon,sans
13,rue du manège,sans
13,rue laroche,avec
13,et 44 quai de bacalan,sans
13,rue paul mamert,sans
12,rue claire,sans
12,rue clérembault,sans
12,"rue chateau jouguet, res ch jouguet,app 55",sans
12,loge n° 143,sans
12,avenue georges clémenceau,sans
12,rue canteloup,sans
12,rue marceau,sans
12,rue bougainville,sans
12,boulevard albert 1,sans
12,rue montmejan,avec
12,rue sainte philomene,sans
12,rue jac belaubre,sans
12,boulevard du president wilson,sans
12,rue d' ornano,sans
12,rue  condillac,sans
12,rue leberthon,sans
12,"22 rue vauban,18 cours xavier arnozan",sans
12,rue du velodrome,sans
12,avenue du marechal gallieni,sans
12,rue de la dauphine,sans
12,place nansouty/angle cours de la somme,sans
12,"rue de tivoli, 2 rue de riviere",sans
12,rue de la croix de séguey,sans
12,rue andre lafon,sans
12,cité dutrey,sans
12,rue de l'abbé-de-l'epée,sans
12,57 cours portal,sans
12,cours de verdun et 10 cours de gourgue,sans
12,rue pierre trebod et,sans
12,rue duret,sans
12,"76 bd president wilson, 2 avenue  republique",sans
11,zac bastides ilot a,sans
11,avenue maréchal de lattre de tassigny,sans
11,hangar 17 - lot d,sans
11,rue de lafaurie de monbadon,sans
11,118 avenue thiers,sans
11,place des cedres,avec
11,ilot 16 a  place  ravezies,sans
11,rue jacques thibaud,sans
11,rue franz schrader,sans
11,square rougerie,sans
11,rue laboye,sans
11,"place de moscou / 146, rue pasteur",sans
11,rue des gants,avec
11,rue caména d'almeida,sans
11,rue louis barthou,sans
11,bd president wilson ex 84 rue j.soula,sans
11,"a 52 rue de marseille,67-85 rue chevalier",sans
11,rue brulatour,sans
10,de  queyries lotissement queyries sud,sans
10,rue servandoni,sans
10,allees de chartres,sans
10,rue terrasson,sans
10,rue marius faget,sans
10,"ilot 1, boulevard georges pompidou",sans
10,jardin public - cours de verdun,sans
10,avenue alienor d aquitaine,sans
10,-54 cours d'albret,sans
10,rue chabrely,sans
10,paul louis lande,sans
10,avenue de strasbourg,sans
10,rue domremy,sans
10,boulevard wilson,sans
10,loge n° 28,sans
10,5 rue des argentiers,sans
10,rue georges mandel,avec
10,rue de croix de seguey,sans
10,rue scaliger et rue de brach,sans
10,rue jean jacques bel,sans
10,place du prado,sans
10,rue du lavoir,sans
10,rue edouard larroque,sans
10,rue de saget et de tauzia,sans
10,"boulevard godard, 283 rue mandron",sans
10,rue de cauderes,sans
10,angle rue villedieu et 2 rue saint genes,sans
10,rue puysegur,sans
10,"rue montmejan, 1 rue calvimont",sans
10,rue de la seiglière et quai de paludate,sans
10,5 rue vauban,sans
10,rue jules ferry 40 rue oscar balaresque,sans
10,rue pierre charron,sans
10,rue père louis jabrun,sans
10,rue jean dollfus,sans
10,rue du professeurlannelongue,sans
10,zone d'entrepots alfred daney,sans
10,rue du xi novembre,sans
10,rue perinot,sans
10,"rue de marseille,85 rue chevalier",sans
10,-56 cours d'albret,sans
10,32 avenue charles de gaulle,sans
10,avenus louis barthou,sans
9,boulevard georges v,sans
9,ilôt 4 - boulevard georges pompidou,sans
9,boulevard maréchal leclerc - immeuble le plaza bât a,sans
9,rue du docteur schinazi,sans
9,rue nancel penard,sans
9,allée davezac,sans
9,cours maréchal galliéni,sans
9,loge n° 150,sans
9,105 rue fieffé,sans
8,a 33 rue claude boucher,sans
8,place nansouty,sans
8,bdl franklin roosevelt,sans
8,rue louis-mie,sans
8,impasse noël,sans
8,211 rue mandron,sans
8,rue samuel kirsz,sans
8,"11, 13 rue du temps passe",sans
8,rue regnier,sans
8,avenue du président frankilin roosevelt,sans
8,rue de capeyron,sans
8,rue fenelon,sans
8,rue fragonard,sans
8,rue tillet,sans
8,"résidence vanillier, 9 rue henri expert",sans
8,rue des bleuets,sans
8,rue du general larminat,sans
8,rue emile counord,sans
7,rue de naujac,sans
7,rue de la porte de la monnaie,sans
7,rue maurice,sans
7,loge n° 153,sans
7,rue du colonel grandier-vazeille,sans
7,et 128 cours de verdun,sans
7,angle 1rue sainte marieet rue de pineau,sans
7,rue lacroix/78 rue goya,sans
7,rue de cauderan,sans
7,passage galerie bordelaise,sans
7,rue du commandant marchand,sans
7,rue gouvea,sans
6,rue lagraveyre,sans
6,rue de colmar,sans
6,rue portes de caudéran,sans
6,ave des 40 journaux,sans
6,rue roullet,sans
6,"rue buffon, 43 rue condillac",sans
6,rue du commandant marchand/28 rue de cestas,sans
6,rue gerbier,sans
6,résidence les fontaines 160 rue pasteur,sans
6,alles orleans,sans
6,rue racine,sans
6,rue du parc,sans
6,et 104bis rue lucien faure,sans
6,rue gaston lespiault,sans
6,rue cheminade,sans
6,rue de saint genes - 10 rue cadroin,sans
6,et 4 quai de la douane,sans
5,rue honoré tessier,sans
5,voie nouvelle entre la rue des queyries et le,sans
5,rue des orangers,sans
5,rue honore picon,sans
5,rue des cheverus,sans
5,rue de vincennes,sans
5,cours de la somme / rue de marmande,sans
5,"rue de soissons, rue chevalier",sans
5,rue porte dijeaux - 2  rue de ruat,sans
5,"rue de segur, 42 rue de talence",sans
5,avenue general de gaulle,sans
5,bd president wilson et 130 rue croix de seguey,sans
5,allee des peupliers,sans
5,251 cours marechal gallieni,sans
5,rue blanc-dutrouilh,sans
5,cours alsace-lorraine,sans
5,rue de pessac et 5 rue de saint genes,sans
5,rue cantemerle,sans
5,rue de caudéran,sans
5,rue du bocage,sans
5,rue guénard,sans
4,rue gravelotte,sans
4,rue de flornoy,sans
4,rue raymond bordier,sans
4,hangar 18 - lot 6,sans
4,rue des marronniers,sans
4,et 25 rue rené magne,sans
4,place amélie raba-léon,sans
4,impasse laville,sans
4,rue jean-jacques brel,sans
4,cite dutrey,sans
4,rue esprits des lois,sans
4,rue bellus mareilhac,sans
4,avenue du génaral leclerc,sans
4,rue claude bernard,sans
4,avenue d 'ares,sans
4,rue de la concorde,sans
3,"et 10, rue frantz despagnet",sans
3,rue notre-dame,sans
3,angle rue des douves rue jules guesde,sans
3,rue latesta,sans
3,rue lalande,sans
3,rue de la croix de seguey,sans
3,22 rue du commerce,sans
3,rue guynemer,sans
3,pl des martyrs de la resistance,sans
3,rue dufau,sans
3,rue hériard dubreuil,sans
3,rue du petit goave,sans
3,rue prosper,sans
3,rue blanche,sans
3,place jean tayrol,sans
3,26 rue andré darbon,sans
3,hangar 18 - lot 9,sans
2,rue joseph faure,sans
2,cours saint-louis,sans
2,rue de lisleferme,sans
2,impasse saint pierre,sans
2,cite de l'eglise saint augustin,sans
2,rue penicaud,sans
2,angle de la place latule,sans
2,allée de serr,sans
2,rue de la seigliere,sans
2,rue jean bédouret et impase cité saint martin,sans
1,place mareilhac,sans
1,quai  armamnd lalande  hangar g2,sans
1,ruejudaique,sans
1,rue  jude,sans
1,rue d'aubidey,sans
